age,study_time_hours_per_week,failures,absences,math_score_0_100,reading_score_0_100,writing_score_0_100,final_grade_0_100
15.0,15.3,0.0,5.0,52.8,40.6,56.14,44.4
16.0,11.3,0.0,4.0,54.8,55.46,50.4,58.4
18.0,7.6,0.35,4.0,31.4,52.1,32.2,36.3
17.0,11.8,0.0,2.91,51.9,52.5,51.4,53.5
17.0,8.2,0.0,3.0,59.7,56.7,57.4,63.8
17.0,7.2,0.35,3.0,51.3,55.4,51.5,50.8
17.0,5.4,1.0,5.0,56.84,35.9,50.1,37.8
16.35,3.0,0.0,4.0,13.1,19.4,37.3,15.8
15.0,8.4,0.0,3.0,54.0,39.2,55.4,58.2
16.0,10.6,0.0,4.0,56.84,53.9,56.14,42.4
15.0,9.6,0.0,3.0,58.2,55.46,64.7,59.2
19.0,8.3,1.0,3.0,35.5,46.5,39.3,35.5
18.0,6.2,0.0,4.0,51.1,55.4,44.9,54.3
15.0,12.4,0.0,3.0,58.1,55.46,57.2,54.8
17.0,9.95,0.0,1.0,71.7,71.5,62.6,66.9
18.0,13.1,0.35,3.0,65.5,63.6,77.7,69.8
16.0,7.0,0.0,2.0,35.0,37.3,54.4,40.8
15.0,8.0,0.0,4.0,28.1,47.7,49.5,42.1
17.0,13.9,0.0,2.91,32.4,29.0,26.9,30.3
16.35,9.95,0.0,3.0,63.9,58.4,59.9,59.5
19.0,12.1,0.0,2.0,65.8,68.4,47.6,69.1
18.0,5.6,3.0,6.0,41.4,36.4,33.7,34.3
16.0,8.7,0.0,0.0,58.4,63.0,51.6,58.6
18.0,6.9,0.0,6.0,44.8,41.7,56.8,47.9
17.0,15.3,0.0,3.0,66.8,53.3,74.0,68.9
16.0,5.2,0.0,3.0,38.4,39.8,36.3,42.6
17.0,13.6,0.0,5.0,72.6,72.3,81.9,75.2
15.0,13.6,0.0,5.0,50.0,37.0,47.5,46.5
16.0,17.3,0.0,2.0,75.5,79.9,56.14,74.7
15.0,12.8,0.0,3.0,41.1,61.8,48.4,43.1
15.0,19.1,0.0,6.0,64.9,63.8,67.1,62.8
17.0,7.5,0.0,1.0,68.0,47.1,54.8,55.5
16.0,3.9,0.35,3.0,55.6,71.4,64.6,58.2
17.0,9.95,0.0,5.0,62.3,48.3,52.3,58.1
15.0,12.9,1.0,3.0,52.9,46.1,48.8,49.6
16.0,2.5,0.0,2.0,62.9,46.8,50.2,53.4
16.0,8.5,0.35,0.0,77.0,86.1,70.9,72.9
17.0,11.7,1.0,1.0,77.4,79.8,70.5,75.9
16.0,10.7,0.0,4.0,50.8,58.7,76.2,50.3
16.35,9.95,0.0,2.0,64.3,66.2,59.1,63.6
17.0,15.1,0.0,4.0,69.1,76.4,75.6,74.2
15.0,6.2,1.0,1.0,45.4,47.0,46.5,40.0
15.0,7.3,1.0,1.0,47.9,32.4,30.7,39.0
15.0,13.3,0.0,2.0,52.2,49.2,48.2,46.9
18.0,13.6,2.0,2.0,49.3,55.46,41.9,50.3
16.0,11.8,2.0,3.0,45.0,47.5,46.8,54.3
18.0,14.7,0.0,4.0,78.4,77.8,93.9,83.1
17.0,5.3,0.0,2.0,63.5,57.8,44.2,52.7
19.0,16.7,0.0,2.91,65.7,55.46,68.1,66.3
16.0,16.1,2.0,2.91,57.9,51.2,59.3,60.1
17.0,12.9,0.0,1.0,52.2,56.0,42.5,52.9
16.0,17.1,0.0,0.0,56.84,48.7,45.4,62.1
16.0,9.95,0.0,3.0,74.6,69.1,60.9,66.0
17.0,7.9,0.0,2.0,77.1,56.0,61.8,67.2
18.0,7.1,0.0,6.0,57.6,57.8,56.14,66.5
19.0,12.9,3.0,2.0,50.9,55.46,56.6,60.5
16.35,5.8,0.0,2.0,39.5,47.6,53.8,38.4
16.0,13.0,0.35,2.0,89.7,87.7,65.1,81.7
16.0,15.5,0.0,6.0,53.4,51.1,45.0,56.1
17.0,12.8,0.0,1.0,80.6,75.0,69.7,87.2
15.0,11.1,0.0,4.0,51.9,45.3,66.7,57.2
15.0,6.0,0.0,4.0,49.1,55.46,37.6,41.5
16.0,6.6,0.0,2.0,42.6,52.7,48.1,43.2
16.0,15.0,0.0,3.0,38.5,38.9,44.6,49.3
16.0,13.1,0.0,2.91,73.9,56.2,79.0,73.0
15.0,9.8,0.0,3.0,55.9,56.3,53.3,51.8
15.0,8.3,2.0,4.0,29.9,27.6,56.14,29.1
15.0,1.9,2.0,2.0,48.0,54.6,45.3,50.4
19.0,5.7,0.0,4.0,54.0,60.7,60.4,60.1
16.0,17.6,0.0,0.0,50.5,45.2,44.2,43.4
16.0,4.9,2.0,2.0,64.7,63.0,62.6,61.1
17.0,10.8,0.0,4.0,52.2,48.2,59.3,46.5
15.0,14.0,1.0,4.0,65.5,53.5,53.7,62.5
17.0,10.7,0.35,3.0,33.0,38.9,44.0,39.9
15.0,13.8,0.0,4.0,47.9,55.46,41.0,52.7
16.35,21.5,0.0,3.0,56.84,59.3,56.14,67.1
16.0,14.2,0.0,3.0,36.9,36.1,36.6,36.8
17.0,9.3,0.0,2.0,56.84,27.2,45.0,49.8
15.0,13.1,0.0,2.91,59.9,61.5,56.14,62.5
19.0,11.8,0.0,4.0,71.7,61.6,68.7,65.6
18.0,10.9,0.0,5.0,55.3,71.5,70.2,69.6
16.35,9.95,0.0,5.0,42.6,55.46,72.1,62.8
16.0,11.2,0.0,4.0,69.5,54.4,57.9,62.9
15.0,12.6,0.0,2.0,80.9,69.1,74.9,76.7
15.0,14.2,3.0,2.0,60.3,61.7,56.14,67.2
15.0,11.5,1.0,1.0,65.1,59.6,50.8,56.9
15.0,10.6,0.0,3.0,58.1,51.8,63.6,61.7
16.0,7.2,0.0,1.0,68.3,55.9,59.1,55.9
15.0,14.7,0.0,2.0,72.6,73.9,75.5,69.9
19.0,15.7,0.0,2.91,36.8,39.1,45.6,42.4
18.0,9.0,0.0,2.91,56.84,66.6,56.14,63.2
19.0,6.4,0.0,3.0,71.8,74.7,70.7,77.1
17.0,17.8,0.0,3.0,67.7,55.46,73.0,74.4
17.0,6.5,0.35,5.0,76.0,69.1,61.8,64.9
15.0,8.5,0.0,4.0,54.5,57.9,52.0,58.8
16.35,12.6,1.0,3.0,50.3,42.7,53.8,51.3
15.0,9.95,0.0,3.0,54.2,49.8,53.6,59.5
16.0,6.5,1.0,2.91,69.7,55.8,57.9,59.6
16.35,13.5,0.0,5.0,52.3,50.9,48.7,50.3
16.35,6.3,1.0,2.0,75.2,62.7,65.4,64.8
15.0,10.5,0.0,3.0,64.0,62.3,58.7,60.6
16.35,12.2,0.35,5.0,73.2,78.8,56.8,63.9
18.0,6.6,0.35,1.0,55.3,66.2,75.8,69.2
17.0,10.1,0.0,4.0,74.4,71.0,63.4,72.7
17.0,1.4,0.0,2.91,59.4,57.4,57.6,56.0
16.0,13.5,2.0,3.0,63.6,55.46,69.8,63.0
15.0,9.95,0.0,4.0,54.6,48.1,48.0,42.3
16.35,16.0,1.0,3.0,61.0,60.5,68.2,59.8
16.0,8.7,0.0,8.0,79.3,80.2,72.4,81.7
16.0,9.95,0.0,2.0,53.4,41.4,51.7,49.1
17.0,7.5,0.35,2.0,66.6,70.2,72.3,74.0
16.0,8.8,0.0,1.0,59.8,54.6,49.9,52.8
15.0,9.95,0.35,1.0,61.9,51.9,56.14,60.0
15.0,0.5,0.0,5.0,38.9,55.46,57.6,45.1
17.0,9.95,0.0,2.91,69.9,64.8,66.8,63.6
15.0,11.4,0.0,0.0,66.6,62.7,68.5,65.6
16.0,5.7,1.0,5.0,47.7,50.0,61.6,46.4
16.0,16.7,0.0,4.0,52.4,53.9,62.7,55.2
16.35,6.2,2.0,4.0,56.84,34.9,22.3,30.5
17.0,9.95,2.0,4.0,37.4,33.1,44.3,43.3
16.0,14.5,0.35,4.0,61.7,53.4,57.2,61.6
17.0,11.4,0.0,1.0,57.7,58.1,59.0,63.1
16.0,6.2,1.0,3.0,56.84,55.46,64.2,72.1
16.0,10.9,2.0,1.0,40.6,30.7,44.8,40.2
17.0,14.4,0.0,2.91,58.0,41.3,51.9,51.8
17.0,14.2,0.0,3.0,69.1,57.6,71.8,68.8
18.0,11.4,0.0,3.0,43.7,48.7,45.4,48.5
17.0,9.95,0.0,4.0,82.1,69.6,71.6,80.2
17.0,10.0,0.0,2.0,59.4,45.6,45.6,47.0
17.0,5.3,0.0,2.91,48.9,56.4,56.14,48.9
17.0,11.8,0.0,4.0,18.3,28.7,56.14,27.7
17.0,5.9,0.0,2.91,63.2,57.7,66.9,62.1
16.35,8.6,0.0,2.0,59.4,53.7,52.6,55.3
18.0,11.7,0.0,1.0,44.8,44.8,45.4,47.7
18.0,9.8,0.0,2.91,77.2,74.4,64.6,68.1
15.0,6.1,0.0,4.0,52.2,49.4,56.14,53.0
17.0,14.5,3.0,2.91,49.7,41.3,46.6,42.7
15.0,19.3,0.0,2.0,74.8,80.2,91.6,73.8
16.0,9.95,0.0,2.91,47.6,49.2,52.9,49.7
17.0,6.4,0.0,3.0,74.9,55.3,60.7,71.6
16.35,3.8,3.0,4.0,47.9,55.46,47.2,53.0
17.0,9.95,0.0,1.0,64.4,45.8,58.9,60.2
17.0,14.4,0.35,3.0,70.0,55.46,64.9,65.3
16.0,9.95,0.0,6.0,60.8,54.8,52.3,55.8
15.0,10.0,0.35,3.0,47.9,42.6,57.9,43.1
16.0,7.6,0.35,1.0,53.6,45.4,53.1,42.0
19.0,13.3,0.0,6.0,52.2,43.2,38.8,50.7
17.0,13.7,0.0,2.91,69.5,76.7,70.7,73.4
16.0,9.95,0.0,4.0,56.84,68.6,59.3,60.6
17.0,16.4,0.0,1.0,70.2,67.9,65.2,74.3
16.0,12.3,0.35,5.0,60.7,66.9,60.3,63.8
17.0,15.6,0.0,0.0,57.3,60.6,71.0,61.9
15.0,4.6,1.0,5.0,29.5,55.46,28.0,22.2
16.35,4.5,0.0,2.91,58.1,44.8,54.6,61.1
16.0,9.4,0.0,0.0,58.2,48.1,45.2,53.4
19.0,12.0,0.0,3.0,51.7,51.5,49.1,47.1
16.0,9.95,2.0,2.91,46.1,43.8,46.0,40.7
17.0,12.8,0.0,3.0,56.8,46.7,44.8,55.2
18.0,9.0,0.0,2.0,50.8,54.5,49.5,47.4
17.0,6.1,0.0,3.0,76.2,80.9,56.14,82.8
15.0,16.5,0.35,7.0,59.5,60.5,65.1,63.4
16.0,8.9,0.0,0.0,65.1,61.6,56.14,65.7
17.0,16.4,0.0,3.0,63.2,61.1,68.0,63.3
15.0,12.7,0.0,3.0,56.84,55.6,49.8,61.0
16.35,9.5,0.0,4.0,52.5,55.46,54.7,58.4
17.0,8.6,0.0,3.0,50.7,40.7,40.3,37.7
15.0,11.7,0.0,3.0,78.0,55.46,80.3,77.7
18.0,10.3,0.0,3.0,37.0,46.3,43.1,41.6
19.0,7.6,3.0,7.0,51.1,54.0,59.3,48.4
17.0,10.3,1.0,2.0,67.1,75.8,68.6,67.9
15.0,9.95,0.0,3.0,56.84,51.6,62.0,56.4
17.0,11.8,0.0,3.0,41.4,60.9,52.0,53.3
15.0,6.1,0.0,4.0,47.5,55.46,47.7,53.6
15.0,5.4,0.0,2.0,64.5,62.1,52.9,63.9
16.0,3.3,0.0,3.0,45.3,44.1,42.3,41.2
17.0,4.6,1.0,3.0,46.2,28.5,30.3,36.4
17.0,9.95,1.0,2.0,56.84,43.8,40.8,32.7
16.0,17.8,0.0,3.0,61.8,61.3,68.8,65.3
16.0,7.9,0.0,1.0,56.4,49.9,52.8,60.8
19.0,10.7,0.0,5.0,44.4,35.6,26.7,36.6
16.0,11.6,0.0,4.0,61.2,49.6,43.3,46.0
16.0,10.5,0.0,3.0,60.3,66.4,54.5,60.5
15.0,9.7,0.35,4.0,60.1,60.8,61.7,55.9
17.0,5.2,0.35,2.91,46.9,40.3,47.7,48.6
17.0,15.8,0.0,3.0,64.3,64.7,58.7,64.8
15.0,17.2,0.0,4.0,48.2,51.7,57.3,51.3
15.0,3.3,0.35,3.0,44.0,38.9,56.14,41.5
17.0,5.9,0.0,4.0,46.5,55.6,51.3,49.8
17.0,8.9,1.0,2.0,85.5,74.9,84.3,82.0
16.0,6.1,0.0,5.0,44.8,46.0,56.14,42.8
19.0,12.0,0.0,4.0,54.2,50.4,62.0,49.8
16.0,18.7,0.0,3.0,57.9,56.6,50.3,53.7
18.0,14.8,3.0,4.0,62.1,57.9,58.3,60.4
16.0,10.9,0.35,4.0,34.3,23.0,56.14,30.2
17.0,14.1,0.0,4.0,56.5,58.3,62.8,60.2
16.0,14.4,0.0,5.0,65.1,58.1,63.8,57.9
16.0,7.7,2.0,2.0,46.4,40.2,42.9,36.8
19.0,6.7,0.0,3.0,45.1,50.9,46.2,44.8
16.0,10.3,0.0,3.0,60.3,52.5,59.8,59.4
16.35,10.6,0.0,2.0,53.5,63.4,71.6,60.5
15.0,6.8,0.0,2.0,58.1,55.5,57.7,49.8
17.0,9.7,0.0,6.0,56.8,48.1,41.9,46.7
16.0,9.7,1.0,4.0,60.2,61.5,56.14,67.4
18.0,17.9,0.0,2.0,67.7,55.46,80.8,72.3
15.0,16.0,0.0,4.0,47.9,43.7,42.3,45.2
17.0,8.4,0.0,6.0,49.3,44.0,44.8,47.1
17.0,12.0,0.0,3.0,68.6,55.46,67.6,62.4
17.0,12.3,0.0,2.91,58.5,64.9,52.8,54.6
17.0,10.8,0.0,3.0,52.6,43.4,62.8,52.4
17.0,9.95,0.0,1.0,44.2,42.6,56.14,42.9
16.35,11.7,0.0,2.0,69.8,77.6,79.2,75.0
18.0,12.7,0.35,2.0,79.3,68.7,81.3,80.1
17.0,10.5,0.35,3.0,58.6,64.2,61.5,65.7
17.0,9.1,1.0,3.0,51.2,52.3,56.14,52.4
16.0,18.2,0.0,2.0,53.5,54.0,52.3,55.3
15.0,7.3,0.0,2.91,64.1,55.46,47.8,57.9
15.0,8.4,0.0,1.0,49.6,46.9,41.3,47.6
16.35,18.0,1.0,2.91,49.6,55.46,56.14,56.1
16.0,6.7,0.0,3.0,41.4,35.3,56.14,39.5
15.0,7.8,0.35,3.0,63.6,65.0,48.7,61.6
15.0,13.4,1.0,4.0,49.7,56.9,50.9,51.1
16.0,10.8,0.0,1.0,56.84,80.7,70.6,69.9
16.35,4.8,0.35,4.0,56.84,56.9,39.3,46.1
17.0,7.9,0.0,2.0,65.8,55.46,59.0,56.5
16.0,7.6,0.0,1.0,84.2,85.3,84.5,89.0
16.0,9.7,0.0,3.0,67.0,55.6,67.7,66.5
15.0,11.7,0.0,0.0,63.6,51.2,60.2,61.8
16.0,2.9,0.0,4.0,59.2,64.4,60.1,64.6
16.0,14.3,0.0,3.0,41.7,42.6,46.3,42.7
16.35,11.0,0.35,4.0,56.84,62.0,74.8,62.9
16.0,15.5,0.0,0.0,64.2,72.4,70.0,67.6
17.0,11.8,0.35,2.0,61.7,54.9,61.8,59.3
17.0,11.9,0.0,4.0,40.1,43.2,49.9,45.4
15.0,9.95,0.0,4.0,75.9,55.46,76.8,79.3
16.0,12.1,0.0,2.0,72.3,67.9,71.3,72.5
15.0,9.6,1.0,1.0,53.9,66.1,51.0,57.8
15.0,19.1,0.0,2.0,67.7,65.6,63.4,68.7
16.35,13.6,0.0,3.0,69.0,58.2,58.2,61.8
15.0,12.3,0.0,2.0,73.9,72.3,60.1,70.1
16.0,4.9,0.0,2.91,57.3,49.4,60.3,54.2
17.0,4.8,0.35,3.0,59.1,47.4,42.6,48.3
17.0,9.95,1.0,2.91,57.5,80.9,55.5,69.3
16.0,10.6,0.0,1.0,80.0,81.8,78.3,71.9
15.0,7.5,0.0,3.0,50.1,58.1,56.14,57.4
16.0,10.6,0.0,4.0,60.2,51.1,53.8,53.1
15.0,12.8,0.0,2.91,68.4,65.1,62.5,66.7
16.0,5.4,0.0,2.0,68.0,77.1,70.3,65.5
15.0,9.6,0.0,4.0,40.7,59.4,58.9,48.5
15.0,6.8,0.0,1.0,42.7,42.9,56.14,42.7
16.0,8.4,2.0,4.0,66.0,56.8,64.5,61.9
15.0,8.3,0.0,1.0,51.0,44.9,45.7,44.4
16.0,8.1,0.35,2.91,53.6,45.1,54.0,57.6
17.0,5.0,0.0,1.0,56.8,57.2,59.7,65.0
17.0,9.5,0.0,1.0,56.84,45.1,47.7,40.2
15.0,7.8,0.0,2.0,48.5,61.2,52.8,55.8
15.0,0.5,0.0,4.0,47.3,63.5,49.6,56.3
15.0,18.2,0.0,3.0,61.4,59.2,65.0,64.0
17.0,14.4,0.0,4.0,68.8,82.0,76.8,72.5
17.0,8.5,3.0,2.0,63.0,74.6,71.5,68.1
15.0,10.1,0.0,3.0,46.1,43.9,48.0,43.0
18.0,5.3,0.0,5.0,58.5,44.9,50.1,50.2
16.0,17.6,0.0,3.0,77.0,71.0,79.9,75.6
17.0,10.7,0.35,3.0,65.9,60.6,63.7,58.7
17.0,9.95,3.0,2.0,51.7,54.9,48.9,52.6
16.0,8.4,3.0,3.0,38.9,31.6,33.6,32.4
17.0,10.5,0.35,3.0,64.0,59.8,54.0,60.9
15.0,8.2,1.0,5.0,69.2,65.2,55.3,68.2
18.0,9.1,0.0,3.0,62.6,55.46,62.7,66.9
16.0,9.6,0.0,2.0,64.7,64.0,45.3,48.6
16.0,10.2,0.0,4.0,38.4,30.1,25.3,30.8
17.0,5.8,0.35,1.0,56.84,48.5,44.1,49.2
16.0,7.1,2.0,5.0,49.6,48.7,60.2,45.9
17.0,4.9,0.0,2.0,39.9,49.6,56.14,40.8
15.0,13.9,0.35,1.0,53.1,44.0,43.5,48.0
15.0,1.6,0.0,2.0,50.5,40.0,39.5,44.4
15.0,14.6,1.0,5.0,56.84,58.6,59.3,64.6
15.0,9.95,0.0,4.0,80.2,83.2,77.7,82.1
18.0,8.8,0.0,5.0,75.0,66.4,56.14,72.4
15.0,0.5,0.0,4.0,56.84,40.2,48.2,45.5
19.0,8.6,0.0,2.91,67.0,77.1,54.2,66.4
16.0,9.7,0.0,2.0,46.4,49.9,50.6,51.4
15.0,6.0,0.35,1.0,53.3,51.9,43.6,41.0
16.0,12.7,0.0,2.0,61.0,68.3,72.7,62.4
16.0,6.3,0.0,3.0,59.0,57.6,56.14,56.7
17.0,3.6,3.0,4.0,34.3,38.2,40.0,39.9
15.0,8.7,0.0,2.91,56.1,55.46,67.2,47.0
19.0,9.1,0.0,3.0,65.0,56.6,65.6,62.5
19.0,12.0,0.0,4.0,78.7,84.2,76.6,82.9
17.0,7.9,0.0,2.0,41.6,38.2,51.0,47.4
15.0,12.0,0.0,3.0,62.5,54.5,62.4,57.3
16.35,17.7,0.0,2.0,56.84,44.9,61.3,50.7
15.0,13.3,0.0,5.0,57.3,61.1,60.6,57.0
16.35,9.3,0.0,4.0,57.0,63.4,56.9,54.8
18.0,14.7,0.0,0.0,41.1,55.46,43.8,42.6
17.0,7.5,0.0,3.0,56.84,27.8,42.9,37.9
17.0,10.2,0.35,3.0,56.84,60.1,54.4,58.5
16.0,10.2,1.0,2.0,57.6,49.8,52.1,54.5
16.0,8.0,0.0,1.0,56.9,54.9,50.8,57.3
16.0,4.5,0.0,7.0,58.4,62.9,81.5,70.2
19.0,11.3,0.35,4.0,46.3,41.2,40.9,36.2
15.0,9.8,0.0,7.0,57.1,66.1,63.2,58.2
16.35,9.95,1.0,4.0,89.7,64.4,62.8,73.1
16.0,7.9,0.0,2.0,34.9,31.2,33.8,33.4
17.0,6.5,1.0,4.0,38.8,49.8,44.2,47.4
16.35,16.8,1.0,2.0,56.84,18.8,26.6,36.1
18.0,3.0,0.0,5.0,44.6,34.5,35.5,39.6
18.0,11.7,0.0,4.0,67.7,61.8,62.8,64.8
16.0,11.9,0.0,0.0,73.6,73.4,80.4,79.0
16.0,6.8,0.0,0.0,66.6,65.7,56.14,60.5
16.0,11.7,2.0,4.0,44.2,53.6,61.4,52.3
16.35,15.1,1.0,2.0,60.6,66.3,64.3,67.3
15.0,1.1,0.0,2.91,71.6,74.0,73.3,70.3
17.0,9.95,0.35,5.0,81.4,86.1,81.1,77.8
17.0,0.5,1.0,3.0,38.3,55.46,56.14,38.2
17.0,6.1,0.0,4.0,41.0,55.46,30.5,34.2
15.0,16.5,0.0,0.0,48.8,41.2,39.7,40.2
17.0,7.7,0.0,2.0,58.4,66.3,64.7,71.0
18.0,5.3,0.0,3.0,52.8,48.2,56.4,50.6
15.0,9.2,0.35,3.0,72.3,49.4,56.14,56.9
16.35,18.3,0.0,2.0,40.7,44.0,49.8,44.0
19.0,2.7,0.0,3.0,56.84,40.8,36.2,43.8
15.0,5.8,0.0,2.0,65.3,55.9,60.4,61.1
18.0,9.95,0.0,2.91,70.5,65.1,59.9,67.6
16.0,17.4,0.0,4.0,57.9,55.46,51.5,54.2
15.0,9.6,0.35,2.91,49.5,38.4,43.6,50.4
18.0,5.0,1.0,1.0,45.6,47.1,59.7,52.5
16.0,16.4,0.0,1.0,64.6,54.7,61.6,62.2
16.35,12.7,0.0,5.0,60.1,58.5,60.9,63.2
16.0,6.8,1.0,1.0,46.6,51.0,44.0,43.6
15.0,9.8,0.0,4.0,21.8,55.46,21.0,19.9
16.0,9.4,0.0,3.0,43.1,58.9,51.0,55.6
19.0,11.3,0.0,2.0,47.1,49.6,53.9,56.1
16.0,15.8,0.0,2.91,75.4,60.0,65.6,63.3
17.0,13.5,0.0,1.0,91.7,96.4,84.2,91.9
16.0,5.7,0.0,2.0,63.5,65.4,56.14,61.5
17.0,15.5,0.0,1.0,93.8,80.8,84.5,84.3
15.0,11.3,0.0,3.0,62.3,72.7,56.14,66.7
16.0,15.9,0.0,1.0,68.7,64.6,64.8,68.1
15.0,5.6,0.0,2.0,75.5,65.4,70.4,69.7
15.0,9.9,0.35,2.91,74.2,55.46,86.4,82.5
15.0,7.9,0.0,6.0,55.6,53.3,55.1,53.3
16.0,3.7,0.0,2.0,56.1,57.9,56.14,58.8
16.0,2.6,2.0,5.0,58.3,68.9,50.9,62.4
15.0,9.9,0.0,0.0,63.0,54.1,63.8,54.4
17.0,12.6,0.0,3.0,55.7,41.5,41.4,52.1
17.0,10.5,0.0,2.91,62.7,64.3,64.0,61.0
15.0,9.5,1.0,1.0,58.0,46.9,47.1,46.5
16.35,4.8,0.35,1.0,51.9,53.1,50.0,54.5
15.0,10.9,0.0,0.0,68.1,59.8,60.7,64.8
17.0,1.2,0.0,2.0,63.0,59.5,59.4,55.9
16.0,14.8,0.35,1.0,84.9,72.4,73.0,76.8
17.0,13.8,0.0,6.0,53.1,45.4,44.6,43.4
16.0,10.9,1.0,1.0,55.3,64.1,46.9,55.9
18.0,14.3,0.0,3.0,63.7,55.46,64.0,58.0
15.0,9.95,0.0,2.0,67.0,55.46,56.14,64.4
15.0,13.6,0.0,2.0,51.7,67.6,56.14,60.8
16.0,8.8,2.0,6.0,55.0,51.3,43.5,49.8
15.0,15.2,0.0,3.0,56.84,55.3,59.1,57.0
16.0,11.3,0.0,1.0,64.6,71.8,74.6,77.8
18.0,10.8,0.0,3.0,56.84,59.2,59.2,55.8
15.0,4.9,0.0,4.0,42.1,38.3,56.14,46.9
15.0,11.1,0.0,2.91,67.4,67.6,62.5,70.3
16.0,9.95,0.0,2.0,60.3,54.6,67.4,64.1
18.0,7.4,0.35,1.0,42.8,42.9,48.0,49.6
16.0,6.7,2.0,3.0,46.3,62.2,39.8,50.2
16.0,5.7,0.0,5.0,71.3,50.9,46.4,55.4
15.0,18.5,0.0,4.0,60.1,55.46,62.0,65.6
15.0,15.3,0.0,2.91,52.8,56.1,53.3,58.5
19.0,17.7,0.0,3.0,56.84,55.46,64.9,70.6
19.0,9.95,2.0,3.0,66.9,53.7,64.8,62.5
15.0,10.3,0.0,5.0,51.5,55.46,47.4,46.1
19.0,4.8,0.0,1.0,56.84,55.46,33.4,39.2
17.0,7.2,0.0,4.0,52.0,34.5,50.7,50.1
18.0,6.3,0.0,0.0,51.8,47.7,51.8,54.7
16.0,15.0,0.0,2.91,71.2,55.46,59.6,65.3
17.0,12.4,0.0,4.0,58.6,65.2,64.1,66.2
15.0,4.1,0.0,2.0,56.3,46.3,61.0,57.9
16.35,15.0,3.0,2.91,56.84,57.6,59.3,49.5
17.0,14.6,0.0,4.0,62.8,63.8,63.0,67.3
15.0,6.1,0.0,2.0,55.8,59.1,51.7,56.8
19.0,11.3,0.0,3.0,80.3,55.46,87.2,82.9
15.0,9.1,0.35,2.91,69.6,59.9,63.0,62.3
17.0,9.95,2.0,3.0,68.2,76.0,69.0,73.8
16.0,7.1,0.0,4.0,50.6,63.2,42.2,50.8
15.0,10.0,0.0,4.0,42.9,48.1,56.14,41.2
16.35,13.1,0.0,4.0,56.84,48.4,47.1,45.2
16.35,6.8,2.0,2.0,67.5,71.0,76.6,76.8
18.0,6.9,0.0,2.0,50.3,59.2,47.8,55.8
17.0,14.3,0.35,5.0,56.84,75.7,71.4,82.4
16.0,4.6,0.0,2.0,45.8,32.3,39.9,46.6
17.0,8.3,2.0,1.0,49.5,38.5,40.3,41.3
18.0,10.1,0.0,2.0,61.6,61.4,55.8,59.0
16.0,10.4,0.0,4.0,61.4,55.3,62.0,58.1
15.0,9.3,0.0,2.0,66.5,60.3,60.6,60.2
18.0,11.6,0.0,4.0,60.6,55.4,64.0,52.7
17.0,12.8,0.0,1.0,49.6,57.4,55.4,53.6
17.0,12.9,0.0,3.0,59.2,63.3,58.9,55.2
15.0,6.1,0.0,5.0,56.3,50.9,55.8,54.4
17.0,8.9,0.0,4.0,49.8,61.6,47.3,61.1
16.0,14.8,1.0,1.0,56.84,52.6,52.0,52.3
16.35,13.6,0.0,2.0,63.3,66.4,73.3,68.0
15.0,4.5,0.0,2.91,40.3,55.46,32.5,38.7
17.0,11.4,0.35,7.0,67.3,66.9,74.6,70.5
19.0,2.1,0.0,2.0,47.8,55.46,45.7,48.8
15.0,10.2,0.0,3.0,56.4,46.4,48.9,49.7
19.0,9.95,0.0,2.91,68.7,77.1,66.6,69.7
18.0,6.7,1.0,2.0,59.8,68.2,65.1,67.3
16.0,3.8,0.0,2.0,61.3,55.5,60.1,63.1
17.0,7.5,0.35,1.0,51.8,46.4,29.6,37.9
18.0,9.95,0.0,3.0,50.2,49.7,53.9,55.0
17.0,13.0,0.0,4.0,49.6,54.9,56.14,54.1
17.0,11.7,0.0,3.0,64.5,63.4,60.8,66.8
17.0,11.1,0.0,2.0,63.3,60.9,66.1,61.7
17.0,8.6,1.0,4.0,40.8,44.5,42.2,45.2
16.0,11.5,0.0,3.0,56.84,56.3,52.0,40.9
17.0,9.5,1.0,3.0,55.9,60.4,64.7,54.6
16.0,8.0,0.0,4.0,56.8,55.1,52.6,54.1
15.0,9.3,0.0,3.0,53.1,53.8,44.2,43.2
16.0,6.0,0.35,1.0,51.2,46.5,55.0,48.1
16.0,9.9,0.35,1.0,52.2,43.1,47.9,44.5
16.0,6.8,3.0,1.0,44.4,44.0,41.5,42.7
16.35,5.5,0.0,2.0,44.2,32.8,44.9,39.5
16.0,11.0,0.0,2.91,57.4,65.1,54.8,59.6
16.0,10.9,1.0,3.0,51.3,44.3,38.8,45.2
15.0,13.1,0.0,3.0,43.1,38.4,63.4,53.2
16.0,9.95,1.0,1.0,45.4,42.2,56.14,45.2
15.0,11.6,2.0,2.91,54.8,56.6,58.4,58.3
15.0,12.2,0.35,2.0,65.8,55.46,81.3,75.2
17.0,11.8,0.0,2.91,74.5,73.8,79.2,74.1
16.35,6.7,0.35,2.91,35.2,50.9,45.2,37.9
17.0,10.6,0.0,1.0,94.0,78.1,56.14,89.7
18.0,9.95,2.0,2.0,40.4,49.5,44.1,41.7
16.0,10.6,2.0,2.0,46.2,53.2,40.8,44.2
16.0,18.9,0.0,3.0,56.2,42.7,49.8,53.6
15.0,8.6,1.0,2.0,60.6,62.8,48.3,61.5
16.0,7.1,0.0,4.0,61.4,59.2,64.1,64.7
16.0,11.5,0.35,2.0,73.9,71.5,67.2,74.3
16.0,11.2,0.0,3.0,55.7,44.9,50.0,53.0
16.0,14.8,0.0,5.0,52.2,39.9,46.0,47.2
17.0,12.9,0.0,2.91,51.6,52.2,56.14,60.5
17.0,12.4,0.0,1.0,56.84,45.5,55.4,52.2
17.0,9.95,0.0,1.0,56.84,37.9,52.1,50.1
17.0,11.4,0.0,4.0,67.5,60.7,55.8,58.7
19.0,14.1,0.0,1.0,56.84,84.6,83.2,83.8
15.0,13.5,0.0,2.91,52.2,58.3,58.6,55.0
15.0,5.4,0.0,1.0,42.3,54.4,54.9,46.5
15.0,13.3,0.35,2.91,75.0,62.6,70.2,73.0
16.35,9.7,1.0,2.91,35.9,46.3,46.0,36.7
18.0,10.3,0.0,2.91,62.4,59.5,67.2,63.4
15.0,10.3,0.35,2.0,46.7,45.9,54.9,49.5
18.0,9.4,0.0,4.0,73.4,67.0,72.7,64.0
16.35,14.8,0.0,0.0,65.5,64.7,60.7,62.1
18.0,9.7,0.0,4.0,50.4,54.9,57.0,54.8
15.0,8.4,2.0,1.0,43.2,52.1,49.1,46.8
16.0,10.7,0.0,3.0,57.4,69.9,56.14,67.5
16.0,14.9,1.0,1.0,50.1,45.4,34.3,43.5
16.0,12.4,3.0,4.0,43.9,36.4,53.7,44.6
16.0,6.6,0.0,3.0,56.84,38.4,56.14,37.6
17.0,19.9,0.0,2.91,64.9,65.0,53.6,65.2
16.0,11.1,0.35,4.0,50.7,57.5,56.6,51.8
16.0,9.95,2.0,7.0,44.8,34.0,56.14,38.8
17.0,12.1,0.0,4.0,58.8,59.5,56.8,57.1
16.0,9.95,1.0,3.0,57.0,43.4,34.7,51.9
16.35,14.2,3.0,2.91,65.1,76.0,63.8,63.5
15.0,13.5,2.0,2.0,57.1,45.3,53.6,50.1
17.0,8.7,0.0,3.0,50.0,59.8,57.3,56.6
15.0,7.7,0.0,3.0,44.9,55.46,37.0,35.0
16.0,11.3,0.0,2.0,43.3,55.0,56.14,46.4
16.35,13.7,0.35,3.0,56.84,75.0,57.2,75.0
15.0,9.1,1.0,3.0,42.4,47.8,63.6,47.9
16.0,9.95,0.0,2.91,56.2,57.0,58.6,61.0
16.0,15.8,0.0,4.0,94.6,94.4,56.14,93.5
16.35,6.3,0.0,3.0,73.5,73.3,70.8,69.7
16.0,6.7,3.0,8.0,45.5,55.0,56.14,45.8
17.0,9.95,0.0,3.0,69.1,61.4,72.2,66.6
16.0,9.95,0.0,2.0,33.7,34.0,21.8,25.9
15.0,7.9,0.0,4.0,57.4,44.6,56.14,49.8
17.0,15.4,3.0,0.0,49.8,53.3,39.5,46.9
19.0,11.7,0.35,4.0,53.1,60.5,56.14,56.4
16.35,10.2,0.0,2.0,49.0,50.0,48.6,54.8
17.0,9.95,0.0,1.0,24.8,37.8,56.14,33.3
18.0,4.7,0.0,2.0,52.9,65.3,52.7,58.5
15.0,11.1,0.0,1.0,61.7,66.9,58.3,54.4
15.0,9.95,0.0,1.0,66.8,65.3,71.9,69.7
16.0,9.4,0.0,3.0,59.9,41.2,50.0,39.3
17.0,23.0,1.0,2.0,29.4,38.9,34.4,36.5
18.0,19.2,0.0,3.0,61.8,50.4,55.9,56.0
16.0,9.95,0.0,3.0,68.5,67.8,56.14,63.4
15.0,9.6,0.0,3.0,56.8,44.1,53.9,55.3
17.0,14.0,0.0,5.0,77.8,82.1,65.2,82.1
17.0,3.4,0.0,1.0,56.4,61.2,55.3,56.0
16.0,2.9,0.0,2.0,42.3,46.2,39.5,38.9
17.0,7.5,0.0,3.0,56.84,66.9,57.5,61.4
15.0,12.3,0.0,3.0,32.2,47.3,23.7,37.7
17.0,9.95,3.0,5.0,55.2,59.3,56.2,55.2
16.0,14.3,0.0,2.0,63.8,60.1,78.7,66.0
16.0,9.95,1.0,2.91,59.2,57.5,64.1,71.4
15.0,0.7,0.0,4.0,38.6,55.46,36.8,38.7
16.35,13.4,1.0,2.0,63.5,52.3,59.8,63.6
15.0,1.9,1.0,1.0,56.84,52.9,59.8,52.7
15.0,10.6,0.35,3.0,53.0,45.7,46.2,49.1
15.0,13.2,0.0,4.0,36.5,35.8,36.3,32.2
17.0,9.5,0.0,6.0,65.8,55.5,67.8,69.7
17.0,8.2,0.0,2.0,60.5,47.9,61.0,62.5
16.0,9.4,0.0,2.91,43.3,48.2,63.0,48.5
15.0,8.5,0.0,2.91,52.1,56.1,58.0,62.2
16.0,4.6,0.0,7.0,54.6,50.4,61.5,55.4
16.0,7.1,1.0,4.0,34.3,45.9,33.4,47.9
19.0,11.3,0.0,2.0,39.1,55.5,50.2,49.7
15.0,10.7,0.0,5.0,81.0,87.4,56.14,87.1
17.0,6.0,0.35,2.91,56.84,55.6,59.6,66.9
16.0,9.3,0.0,2.0,58.9,52.0,64.6,60.6
16.0,1.3,0.0,2.0,51.8,48.0,44.0,47.8
17.0,10.7,2.0,2.0,48.5,55.46,60.2,56.4
17.0,9.95,1.0,2.91,68.0,68.9,64.5,64.0
19.0,4.1,1.0,4.0,47.8,49.8,56.0,51.5
15.0,7.7,0.35,5.0,52.9,66.1,65.2,56.1
15.0,11.3,0.0,5.0,56.2,55.46,53.4,46.1
17.0,15.0,0.0,5.0,76.9,72.8,75.5,75.5
16.0,8.2,0.0,3.0,70.8,67.5,60.4,71.7
16.0,7.2,0.0,5.0,59.4,66.2,64.7,66.7
15.0,9.95,0.0,3.0,46.7,40.4,44.1,43.7
18.0,18.2,0.0,2.0,60.4,55.46,72.1,61.1
16.35,11.1,0.0,2.0,56.84,47.8,59.3,39.3
16.0,9.9,0.0,3.0,88.3,77.8,56.14,70.5
15.0,11.3,0.0,3.0,50.4,42.6,43.0,41.1
16.35,10.0,0.0,4.0,53.4,55.46,56.3,53.5
16.0,13.3,0.0,3.0,61.4,57.8,56.2,60.6
15.0,10.9,1.0,2.0,57.5,61.4,64.4,67.3
17.0,10.1,0.0,2.0,66.6,55.46,78.9,67.7
15.0,6.1,0.0,4.0,44.1,35.9,37.2,41.5
16.35,15.2,0.0,2.91,90.9,55.46,81.4,86.6
18.0,9.95,0.0,0.0,68.5,67.6,65.5,63.9
17.0,7.8,1.0,4.0,70.7,65.8,64.3,72.7
16.0,14.0,0.0,3.0,57.0,44.7,37.9,46.4
16.35,8.0,0.0,2.0,53.5,41.1,57.5,49.4
16.0,6.9,0.35,1.0,67.7,58.0,56.14,72.7
17.0,7.0,0.0,3.0,36.4,43.7,19.3,35.6
19.0,2.9,0.0,3.0,32.4,38.3,56.14,40.8
16.0,2.7,0.0,1.0,56.84,55.0,43.8,48.7
17.0,5.1,0.35,3.0,56.7,71.1,66.4,68.9
16.0,9.95,0.0,5.0,47.7,55.46,52.0,49.3
15.0,9.7,3.0,4.0,34.9,38.0,45.5,36.8
16.0,9.4,0.35,2.91,57.4,60.1,69.3,60.7
19.0,8.7,0.0,4.0,63.1,58.7,56.6,57.3
15.0,9.95,0.0,2.91,56.84,55.0,56.4,62.0
17.0,5.3,2.0,4.0,48.6,47.2,42.1,47.3
15.0,11.9,1.0,2.0,32.5,31.9,24.2,27.9
16.0,7.8,0.0,2.91,51.0,52.3,53.3,54.8
16.0,6.5,0.0,2.0,46.0,47.9,58.8,49.1
17.0,10.7,0.0,2.0,58.0,46.2,57.5,54.5
16.0,15.2,0.0,2.0,77.1,55.46,66.9,73.0
17.0,12.3,0.0,2.0,46.9,56.5,40.5,49.4
17.0,8.4,0.0,1.0,50.8,55.46,56.14,49.1
18.0,11.0,2.0,2.0,56.84,50.9,60.2,58.3
15.0,9.0,0.0,1.0,51.8,47.5,61.1,52.4
16.35,10.0,2.0,4.0,66.1,55.46,59.7,57.2
15.0,8.7,0.0,1.0,60.0,52.9,53.0,49.9
19.0,9.3,0.0,4.0,47.2,48.8,42.5,50.2
16.0,6.0,0.0,2.91,33.3,35.2,34.4,35.0
17.0,5.9,0.0,2.91,63.4,73.5,56.8,68.6
16.0,4.4,0.0,4.0,67.5,65.7,57.2,62.0
17.0,3.6,0.0,4.0,51.7,44.7,47.4,42.8
15.0,9.95,0.0,2.91,47.3,51.0,52.4,50.2
15.0,6.4,0.0,2.0,62.0,55.46,39.8,52.2
17.0,12.1,0.0,2.0,64.2,57.4,63.2,67.8
17.0,10.1,0.0,2.0,64.2,64.4,51.3,50.4
16.35,2.1,2.0,5.0,64.5,68.3,65.7,70.5
15.0,12.6,0.0,1.0,79.0,78.4,77.8,81.6
16.0,13.2,0.0,1.0,56.84,55.46,56.14,66.1
16.35,6.0,0.0,5.0,64.6,54.3,75.8,51.5
16.0,11.7,0.0,3.0,63.9,59.8,60.2,66.7
15.0,6.6,0.35,2.0,38.3,38.0,48.4,37.1
18.0,10.4,0.0,4.0,49.8,45.1,56.1,48.2
16.0,4.9,0.0,2.0,61.9,55.2,59.1,58.4
16.35,2.8,0.0,3.0,70.4,68.1,58.3,67.7
16.0,8.5,0.35,3.0,67.4,64.2,56.14,70.4
16.0,9.5,2.0,4.0,71.5,61.7,68.8,71.3
17.0,8.4,0.35,4.0,60.0,63.9,56.14,65.1
16.0,5.3,0.0,2.0,51.9,55.46,60.1,58.3
18.0,8.4,0.0,2.0,44.2,45.9,50.1,48.1
16.0,11.1,0.0,1.0,72.9,78.7,56.14,72.0
16.35,9.8,0.35,6.0,76.1,83.0,63.7,71.4
18.0,10.7,0.0,4.0,54.1,52.8,55.0,57.6
15.0,7.3,0.0,3.0,51.6,48.4,50.7,53.7
15.0,5.3,0.0,2.0,56.9,50.0,63.6,54.8
17.0,12.0,0.0,2.0,54.8,50.5,63.5,59.8
16.0,14.7,0.0,5.0,45.5,50.8,39.1,40.5
18.0,11.9,3.0,1.0,48.7,52.0,49.3,54.2
18.0,9.2,0.0,2.91,69.5,54.7,68.9,63.8
16.35,7.9,0.35,1.0,62.2,51.6,57.8,64.4
17.0,14.1,0.0,1.0,80.8,63.7,55.3,61.9
16.0,4.3,0.0,7.0,48.2,54.6,50.7,57.9
15.0,6.1,0.0,6.0,58.5,68.6,58.5,60.1
16.35,9.95,0.0,1.0,72.9,56.1,66.9,64.5
15.0,15.0,0.0,5.0,60.3,66.7,57.1,62.0
17.0,11.5,0.35,2.91,61.8,53.6,56.0,54.8
16.0,6.1,0.0,2.0,43.0,36.6,35.3,38.5
19.0,8.8,1.0,3.0,54.5,35.2,60.7,47.6
17.0,7.5,2.0,3.0,61.6,55.6,60.6,56.7
17.0,7.2,0.0,4.0,50.5,61.6,54.4,56.9
15.0,13.9,0.0,6.0,78.5,82.9,69.3,73.5
16.35,4.5,0.0,3.0,41.5,44.2,48.9,41.5
18.0,16.4,0.0,3.0,70.4,69.6,61.8,62.1
16.0,13.3,1.0,2.91,58.7,68.7,69.4,62.9
17.0,9.95,0.0,5.0,52.4,38.1,51.8,44.5
15.0,9.4,1.0,2.0,49.0,45.9,48.5,45.0
16.0,4.3,0.0,1.0,63.1,65.3,63.1,64.5
16.0,7.9,0.0,4.0,72.3,68.3,69.8,68.9
15.0,12.0,0.0,4.0,52.8,51.2,57.5,62.6
16.0,15.2,0.35,5.0,73.6,59.1,61.7,65.0
15.0,5.6,0.0,2.0,70.2,48.4,64.3,63.2
15.0,8.5,0.0,2.0,64.1,73.8,71.7,73.1
15.0,9.95,1.0,4.0,47.6,55.5,58.5,56.9
19.0,4.4,0.0,4.0,45.2,55.46,42.9,49.0
16.0,12.4,2.0,3.0,57.9,56.9,56.14,57.6
19.0,7.1,0.0,1.0,70.1,58.2,61.2,72.0
16.0,9.2,0.0,1.0,56.84,65.6,71.1,66.0
16.0,8.2,0.0,1.0,61.2,55.46,67.9,61.5
16.0,6.8,1.0,1.0,62.1,55.6,56.8,56.0
16.0,10.0,2.0,4.0,63.0,61.3,66.2,56.5
15.0,9.1,0.0,3.0,77.9,72.8,67.4,76.5
17.0,8.5,2.0,4.0,61.6,53.7,60.4,49.5
16.35,7.1,1.0,3.0,37.4,37.0,44.7,39.4
17.0,11.3,0.35,3.0,51.6,51.7,45.6,49.0
17.0,16.6,0.0,3.0,76.5,55.46,74.2,83.7
15.0,10.6,0.35,0.0,37.3,30.3,56.14,28.9
15.0,14.0,1.0,6.0,42.8,27.4,39.5,33.6
16.0,10.6,2.0,1.0,42.5,56.5,55.1,49.7
15.0,5.6,0.0,6.0,56.7,60.8,65.0,58.2
19.0,4.1,0.0,2.91,28.9,39.2,33.8,33.1
15.0,7.0,0.0,2.91,62.5,55.46,69.8,61.8
17.0,14.8,0.0,6.0,61.0,55.46,58.3,63.2
19.0,13.8,0.0,3.0,45.4,34.1,56.14,32.3
15.0,11.0,0.0,1.0,66.8,67.3,74.9,69.3
15.0,3.9,2.0,2.91,50.8,53.8,52.3,49.7
15.0,9.2,0.0,2.91,60.2,56.7,45.1,58.7
15.0,10.7,0.0,5.0,27.1,27.9,37.2,29.0
17.0,2.6,0.0,1.0,57.5,53.1,53.5,60.5
15.0,6.4,2.0,2.0,66.5,55.46,50.3,56.0
16.0,9.7,0.0,5.0,61.5,52.8,49.8,51.5
19.0,9.95,1.0,9.0,66.3,74.4,56.9,72.9
16.35,1.2,0.0,5.0,30.2,55.46,45.3,37.1
17.0,9.4,0.0,4.0,56.84,44.1,59.4,54.2
17.0,13.4,0.0,4.0,56.3,63.2,56.2,59.4
16.0,12.8,0.0,3.0,46.6,48.8,57.3,50.2
16.0,12.3,0.0,2.0,63.8,69.8,66.7,61.2
15.0,9.95,0.0,2.0,47.2,49.0,61.0,50.8
16.35,2.4,0.35,2.91,40.2,36.2,36.7,40.4
16.0,8.4,0.0,4.0,60.8,62.9,56.14,62.5
15.0,14.0,0.0,3.0,87.8,87.7,93.5,93.1
16.0,12.8,0.0,1.0,61.7,52.6,56.14,50.9
17.0,11.7,1.0,2.0,78.2,66.8,71.2,67.4
16.35,11.5,0.0,2.0,45.1,55.46,56.14,40.4
17.0,7.8,0.0,4.0,57.3,55.46,58.7,53.1
15.0,9.5,2.0,2.91,35.3,42.0,48.6,42.6
16.0,16.7,0.0,4.0,45.2,40.2,42.5,40.0
16.0,6.2,0.0,6.0,53.9,39.9,56.8,48.1
15.0,16.5,0.0,2.0,38.0,68.8,62.3,58.7
17.0,15.3,1.0,1.0,58.9,58.2,55.9,55.0
16.35,4.4,1.0,4.0,56.84,35.6,59.3,47.0
16.0,12.3,3.0,2.0,59.9,38.1,54.9,57.4
15.0,9.95,0.0,5.0,49.1,54.0,54.7,53.4
15.0,4.3,0.0,2.0,56.8,61.1,68.5,64.0
15.0,10.9,0.0,4.0,46.7,63.2,57.9,52.0
19.0,14.0,0.0,2.91,77.5,68.4,56.14,74.9
17.0,6.6,0.0,6.0,56.7,55.46,58.6,66.7
16.0,9.6,0.0,0.0,71.2,78.6,58.6,64.9
15.0,9.7,0.0,2.0,56.84,49.6,43.1,48.3
16.0,13.8,1.0,2.0,88.6,72.3,70.4,77.9
15.0,17.4,0.0,2.0,56.84,55.46,41.7,33.8
15.0,8.6,1.0,4.0,50.9,58.3,50.4,51.3
16.0,3.6,0.0,1.0,17.2,55.46,24.2,23.9
16.35,9.95,0.0,1.0,73.2,68.5,86.7,80.5
16.0,8.7,0.0,4.0,56.84,55.9,58.6,56.3
16.0,11.8,0.0,8.0,46.3,51.7,56.14,51.8
16.0,5.3,1.0,1.0,47.0,28.2,39.1,35.6
17.0,10.7,0.0,4.0,42.3,49.6,49.1,42.7
18.0,12.7,0.0,2.0,37.4,51.9,41.3,41.9
19.0,16.1,0.35,2.0,68.8,55.2,73.3,64.1
17.0,13.6,0.0,3.0,51.7,59.1,66.3,55.1
16.0,13.0,1.0,4.0,57.5,49.9,42.0,57.9
17.0,10.2,0.0,3.0,48.1,46.3,53.1,57.7
16.0,9.95,1.0,4.0,64.9,60.3,74.7,65.0
16.0,15.0,0.0,5.0,84.1,73.1,71.3,77.3
15.0,8.6,0.0,2.0,65.5,56.8,56.14,64.5
16.0,11.5,0.0,3.0,37.8,55.46,40.3,30.9
17.0,14.9,0.0,5.0,56.84,61.3,55.6,62.7
18.0,0.5,0.0,6.0,32.7,31.2,32.9,39.3
17.0,8.4,0.35,1.0,57.4,65.2,70.6,65.5
16.35,13.7,2.0,1.0,37.6,50.8,56.14,41.3
16.0,11.7,2.0,3.0,62.3,56.6,67.7,61.1
15.0,8.9,0.0,7.0,56.1,61.3,61.5,61.4
17.0,4.9,0.0,2.0,55.7,45.0,56.5,56.9
16.0,12.1,1.0,0.0,57.8,47.7,63.0,51.7
17.0,6.7,0.0,2.0,73.5,73.5,56.14,78.2
15.0,18.7,0.0,3.0,56.9,54.6,48.0,60.0
15.0,12.3,0.0,2.0,62.8,57.4,57.9,56.2
17.0,7.7,0.35,3.0,40.6,46.9,50.0,45.6
15.0,9.6,0.0,1.0,52.3,54.5,55.2,58.8
15.0,9.0,0.0,4.0,56.84,52.9,62.6,56.4
19.0,9.95,0.0,4.0,48.3,45.2,53.4,52.2
16.0,7.1,0.0,3.0,35.8,55.46,47.3,41.9
16.0,10.2,0.0,2.0,61.9,55.5,47.9,56.5
16.35,13.1,0.0,2.0,56.84,51.6,56.14,57.4
17.0,7.6,0.0,0.0,69.2,61.6,61.8,62.6
15.0,11.5,0.0,4.0,38.7,44.6,32.4,40.3
15.0,11.2,2.0,2.0,34.6,48.6,42.2,36.1
15.0,2.4,0.0,4.0,49.5,42.3,56.14,43.9
17.0,15.2,0.35,7.0,79.4,83.8,82.9,74.8
15.0,5.6,0.0,2.91,66.0,60.8,63.9,55.8
15.0,11.4,0.0,1.0,59.8,55.46,55.7,51.9
16.35,11.4,0.0,1.0,65.3,51.6,65.4,62.4
16.0,15.8,2.0,2.91,56.0,53.7,39.7,49.4
15.0,5.8,0.0,2.0,56.84,59.9,56.3,52.3
17.0,15.5,0.0,2.0,84.2,70.6,56.14,75.3
17.0,16.6,0.0,2.0,70.1,55.46,60.2,56.1
17.0,9.95,0.0,3.0,56.84,56.0,57.8,54.0
16.0,5.5,0.0,4.0,49.3,46.0,51.6,48.5
15.0,11.0,0.0,1.0,59.9,60.4,68.7,59.5
19.0,9.95,0.0,2.91,56.84,39.5,51.9,47.2
17.0,9.95,0.0,5.0,45.4,41.9,41.2,43.7
16.0,7.8,0.0,1.0,56.84,68.8,73.9,76.2
19.0,17.7,0.0,2.0,62.8,63.7,58.5,55.4
17.0,6.9,0.0,3.0,56.3,56.5,52.6,54.9
16.0,3.2,0.0,1.0,58.1,58.9,55.0,54.4
17.0,8.1,0.0,3.0,45.2,46.1,44.3,48.7
17.0,9.95,0.0,4.0,74.1,55.3,64.6,68.6
17.0,13.0,1.0,4.0,43.5,49.2,40.0,46.2
15.0,1.7,0.0,3.0,51.9,61.2,48.9,51.0
16.0,10.1,1.0,5.0,48.7,58.1,57.4,57.7
16.35,8.7,0.0,4.0,49.5,46.4,41.9,39.3
16.35,16.6,0.0,2.0,63.0,73.4,77.7,65.4
16.0,11.4,2.0,1.0,69.1,68.5,56.14,65.6
16.0,6.5,0.0,4.0,48.3,51.9,56.14,50.9
17.0,9.9,0.0,3.0,66.3,62.5,66.8,53.4
18.0,10.1,0.0,2.0,60.2,51.4,59.2,62.6
15.0,11.9,0.0,2.0,48.8,46.5,46.7,48.0
15.0,4.5,0.0,1.0,48.7,55.46,31.6,37.2
15.0,12.4,0.35,2.0,70.4,68.5,65.4,68.7
16.35,0.5,3.0,4.0,45.4,56.1,56.14,50.3
17.0,7.5,0.0,4.0,51.0,45.9,39.7,48.5
16.35,8.0,2.0,6.0,36.2,53.0,32.6,44.6
17.0,12.5,0.0,1.0,53.5,40.3,45.9,41.8
18.0,10.1,0.35,4.0,49.8,54.7,49.2,49.4
18.0,6.1,0.0,2.0,34.5,26.0,41.5,40.9
17.0,9.7,0.0,2.0,64.6,56.2,54.3,70.4
16.0,7.7,0.35,1.0,40.8,55.46,42.8,39.5
17.0,8.1,0.35,3.0,60.7,55.5,57.7,55.3
17.0,9.95,0.0,1.0,64.6,44.6,53.6,60.8
17.0,9.6,3.0,2.0,42.3,53.0,49.1,46.1
16.0,4.3,1.0,2.0,64.8,76.2,60.8,67.4
19.0,2.6,0.0,2.0,47.2,55.46,44.2,45.1
18.0,9.95,0.35,4.0,50.3,40.6,58.5,47.2
15.0,9.95,0.0,2.0,46.3,38.8,55.2,46.2
15.0,8.7,0.0,2.0,76.5,59.1,72.3,69.3
15.0,6.9,0.0,3.0,36.6,41.4,41.8,39.6
17.0,9.0,0.0,4.0,49.1,54.2,56.14,56.5
17.0,16.4,0.0,4.0,71.0,69.7,85.9,82.1
15.0,13.2,0.0,4.0,61.7,62.9,59.3,58.0
16.0,13.4,0.35,5.0,53.0,49.3,56.14,50.5
17.0,4.3,0.0,2.0,72.8,76.2,73.4,70.7
17.0,5.4,0.0,0.0,56.84,58.5,73.8,62.2
16.0,0.5,2.0,3.0,46.7,55.46,28.7,34.0
16.0,9.95,0.0,3.0,56.84,49.1,56.14,50.7
16.0,13.8,1.0,2.0,60.6,51.6,39.5,56.0
16.0,9.1,0.35,5.0,58.2,67.7,52.9,61.4
16.35,9.9,0.35,1.0,56.84,69.0,67.1,70.1
17.0,10.8,0.35,2.91,56.84,49.7,56.0,48.4
17.0,13.1,0.0,2.0,52.9,55.46,56.3,54.1
15.0,9.95,0.0,0.0,55.5,57.8,52.1,58.8
16.0,11.2,0.0,5.0,56.84,49.0,48.8,47.9
15.0,13.7,0.0,0.0,73.2,63.1,62.8,70.2
16.35,9.95,2.0,2.0,70.5,70.0,64.9,65.7
17.0,12.8,0.0,3.0,71.1,61.5,57.3,61.6
19.0,21.3,0.0,2.0,70.1,75.2,70.2,74.7
15.0,9.6,0.0,6.0,55.2,55.7,62.3,54.4
16.0,11.6,0.0,5.0,69.8,59.3,59.3,69.3
17.0,7.0,0.0,3.0,55.5,47.3,46.7,49.1
15.0,10.7,0.0,4.0,44.4,35.7,39.3,42.3
16.0,11.8,0.0,5.0,64.4,68.2,53.9,70.8
17.0,9.95,0.0,2.0,69.5,58.8,56.3,59.5
17.0,5.9,0.0,2.0,53.9,57.5,59.2,56.8
16.35,10.8,1.0,4.0,53.5,58.3,52.0,58.7
16.0,15.8,0.0,4.0,40.0,45.5,43.8,46.6
17.0,11.8,0.0,7.0,68.5,67.3,58.4,63.8
16.0,13.8,0.0,6.0,63.0,55.46,54.1,57.6
15.0,9.1,0.0,4.0,57.5,58.7,48.3,54.2
16.35,13.0,0.0,2.91,83.0,73.3,82.8,85.8
15.0,11.1,0.0,2.91,56.1,40.9,39.2,45.4
17.0,6.2,0.35,2.0,79.9,72.8,71.2,75.5
19.0,6.0,0.0,2.91,31.9,33.0,26.3,33.4
16.0,7.5,0.0,6.0,45.9,55.46,56.3,51.6
16.0,10.8,0.0,3.0,56.84,77.7,64.3,67.8
15.0,11.2,0.0,2.0,48.3,54.9,54.5,48.3
16.35,5.2,0.0,5.0,56.84,39.4,26.8,28.4
18.0,14.2,1.0,3.0,63.2,61.0,50.6,55.4
19.0,12.3,0.0,2.0,40.0,39.4,51.3,46.4
16.0,7.2,0.0,2.0,63.6,60.6,77.2,72.1
16.0,3.8,0.0,2.91,65.4,55.46,50.6,67.3
17.0,9.4,0.0,4.0,50.3,43.4,43.2,48.3
18.0,8.2,0.35,2.0,61.2,55.8,56.14,56.3
16.0,10.5,0.0,3.0,54.4,68.7,60.0,63.5
16.0,8.5,0.0,2.0,48.3,38.8,53.2,48.1
16.0,2.0,0.0,3.0,40.7,43.1,35.7,47.1
17.0,8.4,0.35,2.0,56.84,46.5,56.14,43.8
17.0,12.5,0.0,2.0,56.84,57.3,69.9,68.7
16.0,7.2,1.0,3.0,42.7,37.9,40.9,43.7
15.0,2.4,0.0,2.0,81.4,64.3,56.14,76.8
16.35,15.2,0.0,3.0,55.5,57.4,45.0,52.4
16.0,9.1,0.35,1.0,40.9,48.3,38.4,40.6
17.0,13.4,0.0,4.0,59.7,71.6,52.9,55.3
15.0,10.3,0.0,1.0,58.2,59.9,49.2,56.0
16.0,14.6,1.0,5.0,53.1,45.1,56.14,51.1
16.35,9.95,2.0,1.0,45.5,54.9,52.1,45.1
16.0,5.6,0.0,1.0,59.0,64.5,60.1,55.1
17.0,15.7,0.35,5.0,42.7,32.0,39.9,40.6
17.0,9.5,0.0,0.0,62.7,52.6,56.14,58.3
17.0,10.9,0.35,2.0,80.1,81.4,82.9,82.1
16.35,5.9,0.0,4.0,58.5,55.46,56.14,61.2
16.0,12.4,0.0,2.0,70.1,63.1,77.1,69.9
15.0,7.6,0.0,4.0,60.8,59.1,55.8,55.1
16.0,10.3,0.0,2.0,77.2,60.1,71.6,77.8
17.0,4.0,0.0,3.0,48.7,58.9,52.8,57.5
17.0,6.9,2.0,2.91,43.9,53.0,53.8,44.0
17.0,15.4,0.0,5.0,61.2,61.2,56.14,61.8
16.0,9.95,0.0,2.0,47.4,48.7,47.9,47.5
16.0,9.7,0.0,4.0,61.2,58.4,58.5,58.5
15.0,11.0,0.0,4.0,53.0,46.3,52.6,49.2
16.0,8.8,0.0,2.0,54.2,40.0,50.2,50.3
16.0,15.4,0.0,3.0,68.1,48.1,67.7,65.3
15.0,9.2,0.0,0.0,43.9,44.4,52.5,48.2
15.0,10.9,0.0,7.0,45.0,51.7,54.4,49.3
17.0,6.9,1.0,0.0,67.8,55.46,55.8,65.7
19.0,16.2,0.0,1.0,69.1,67.6,70.9,71.0
18.0,3.9,0.0,1.0,55.1,55.46,53.4,54.1
17.0,16.5,0.0,0.0,85.7,75.4,81.2,81.1
16.0,8.5,0.0,1.0,66.8,55.46,66.0,70.4
17.0,9.0,1.0,5.0,54.8,56.2,57.1,54.0
17.0,2.4,0.0,0.0,45.9,65.8,56.5,58.3
15.0,8.2,0.0,6.0,46.1,60.2,52.9,48.1
16.0,5.8,0.0,3.0,58.3,63.2,74.9,63.1
17.0,7.6,0.0,4.0,62.0,59.0,52.7,60.8
16.35,9.5,0.0,0.0,80.5,55.46,80.2,70.4
16.35,13.8,0.0,7.0,52.3,47.6,54.5,45.3
16.0,10.8,3.0,4.0,53.1,51.4,63.0,55.8
15.0,11.2,1.0,0.0,56.84,70.5,71.5,61.4
16.0,5.6,0.0,2.0,49.2,42.2,48.0,41.5
16.35,6.5,0.0,8.0,59.2,51.2,53.0,58.0
15.0,17.2,2.0,3.0,62.8,63.3,61.9,61.9
15.0,7.1,0.0,2.0,72.3,65.1,63.7,72.7
17.0,9.95,0.0,3.0,62.1,80.7,75.8,67.0
16.0,9.0,0.0,4.0,50.8,44.8,45.9,47.2
16.0,10.0,1.0,1.0,54.1,39.5,41.0,47.4
16.0,14.3,0.0,5.0,68.1,56.3,65.5,59.1
18.0,15.1,0.0,1.0,56.84,58.2,56.14,58.7
16.0,9.6,1.0,5.0,36.9,23.9,40.6,36.2
16.35,8.4,1.0,2.0,56.84,55.46,56.14,31.2
18.0,9.8,2.0,1.0,48.0,53.0,60.1,53.0
16.35,11.4,0.0,2.91,58.9,79.8,67.6,69.3
16.35,13.6,0.0,2.0,63.9,61.1,56.14,62.9
17.0,10.0,0.0,1.0,57.9,51.5,59.7,50.6
16.0,16.6,0.0,0.0,45.7,54.6,39.0,55.2
15.0,9.95,0.0,3.0,65.1,59.3,63.8,61.4
15.0,11.2,1.0,6.0,56.84,50.1,56.7,61.4
17.0,3.9,0.0,2.0,50.5,65.1,68.4,57.2
16.0,0.5,0.0,0.0,44.2,51.5,39.3,45.8
16.0,11.6,0.0,2.0,39.6,55.8,49.4,50.5
17.0,9.6,0.35,1.0,65.5,54.2,56.14,58.6
17.0,7.9,0.0,6.0,50.7,59.1,65.7,56.5
15.0,11.0,0.0,4.0,63.7,64.8,74.8,70.3
17.0,9.8,0.0,2.91,56.84,54.3,46.1,62.0
15.0,14.5,0.0,2.91,38.8,45.7,56.14,45.0
17.0,10.3,0.0,5.0,43.2,46.7,56.14,41.4
17.0,9.95,0.0,2.0,74.7,56.4,67.1,66.2
19.0,14.0,1.0,3.0,27.3,51.1,50.2,51.4
15.0,9.1,0.0,2.0,56.84,45.0,45.4,48.5
15.0,12.1,0.0,1.0,56.84,75.3,81.2,66.6
16.0,8.1,0.35,5.0,34.1,32.4,47.1,32.9
